term,category,weight,Norm_Weight
hate,PRESENT_OR_NOT,0.178097841,0.085447941
all the,PRESENT_OR_NOT,0.011157955,-0.081491945
every,PRESENT_OR_NOT,-0.250429408,-0.343079308
school,PRESENT_OR_NOT,-0.086029072,-0.178678972
. lmao,PRESENT_OR_NOT,-0.007638815,-0.100288715
me out,PRESENT_OR_NOT,0.064936275,-0.027713625
tired,PRESENT_OR_NOT,0.123453378,0.030803478
am .,PRESENT_OR_NOT,-0.039228662,-0.131878562
new,PRESENT_OR_NOT,-0.015576899,-0.108226799
never,PRESENT_OR_NOT,0.015228911,-0.077420989
here,PRESENT_OR_NOT,-0.024778484,-0.117428384
i'm,PRESENT_OR_NOT,0.068983868,-0.023666031
<3,PRESENT_OR_NOT,0.022048989,-0.070600911
me,PRESENT_OR_NOT,-0.075711911,-0.168361811
my,PRESENT_OR_NOT,-0.04924462,-0.141894519
want,PRESENT_OR_NOT,0.077459662,-0.015190238
happy birthday,PRESENT_OR_NOT,0.044090591,-0.048559309
how,PRESENT_OR_NOT,0.027923009,-0.064726891
have to,PRESENT_OR_NOT,0.142470923,0.049821023
after,PRESENT_OR_NOT,-0.391894215,-0.484544115
before,PRESENT_OR_NOT,-0.138458606,-0.231108505
",",PRESENT_OR_NOT,0.035380101,-0.057269799
then,PRESENT_OR_NOT,-0.258566687,-0.351216586
them,PRESENT_OR_NOT,0.014354301,-0.078295599
break,PRESENT_OR_NOT,-0.34342036,-0.436070259
they,PRESENT_OR_NOT,-0.007530965,-0.100180865
went,PRESENT_OR_NOT,-0.065836893,-0.158486792
rt,PRESENT_OR_NOT,0.29495164,0.202301741
have a,PRESENT_OR_NOT,0.281082122,0.188432222
got,PRESENT_OR_NOT,-0.292360145,-0.385010045
days,PRESENT_OR_NOT,-0.528585058,-0.621234958
girls,PRESENT_OR_NOT,0.051548598,-0.041101301
took,PRESENT_OR_NOT,-0.24193131,-0.33458121
a little,PRESENT_OR_NOT,0.060408556,-0.032241344
matter,PRESENT_OR_NOT,0.020105052,-0.072544848
feeling,PRESENT_OR_NOT,0.043077811,-0.049572089
spent,PRESENT_OR_NOT,-0.120936206,-0.213586106
seen,PRESENT_OR_NOT,-0.22397149,-0.31662139
! i,PRESENT_OR_NOT,-0.061349668,-0.153999568
-,PRESENT_OR_NOT,0.020128992,-0.072520907
i don't,PRESENT_OR_NOT,0.068214103,-0.024435797
". """,PRESENT_OR_NOT,-0.025514582,-0.118164481
! !,PRESENT_OR_NOT,0.074367521,-0.018282379
had to,PRESENT_OR_NOT,-0.133745231,-0.226395131
has a,PRESENT_OR_NOT,0.094795992,0.002146093
came,PRESENT_OR_NOT,-0.221095047,-0.313744947
it .,PRESENT_OR_NOT,0.02856795,-0.06408195
! http://t.co,PRESENT_OR_NOT,-0.206197418,-0.298847317
about,PRESENT_OR_NOT,-0.004197721,-0.096847621
10,PRESENT_OR_NOT,-0.053880237,-0.146530137
da,PRESENT_OR_NOT,0.156776374,0.064126474
said,PRESENT_OR_NOT,-0.163452118,-0.256102017
there's,PRESENT_OR_NOT,0.075389637,-0.017260262
bout to,PRESENT_OR_NOT,-0.103851162,-0.196501061
wtf,PRESENT_OR_NOT,-0.102741656,-0.195391556
been,PRESENT_OR_NOT,-0.274665493,-0.367315393
life,PRESENT_OR_NOT,0.156611556,0.063961657
has,PRESENT_OR_NOT,0.020361728,-0.072288172
is,PRESENT_OR_NOT,0.276979743,0.184329843
im,PRESENT_OR_NOT,0.015013963,-0.077635936
in,PRESENT_OR_NOT,-0.107269345,-0.199919245
s / o,PRESENT_OR_NOT,0.037398826,-0.055251073
the,PRESENT_OR_NOT,-0.081115911,-0.173765811
left,PRESENT_OR_NOT,-0.207363345,-0.300013244
just,PRESENT_OR_NOT,-0.148012255,-0.240662155
thanks,PRESENT_OR_NOT,-0.010039268,-0.102689168
yes,PRESENT_OR_NOT,-0.013101392,-0.105751292
had,PRESENT_OR_NOT,-0.343306513,-0.435956413
on .,PRESENT_OR_NOT,0.002992866,-0.089657033
at my,PRESENT_OR_NOT,0.001303575,-0.091346325
gave,PRESENT_OR_NOT,-0.240379471,-0.333029371
is a,PRESENT_OR_NOT,0.1251973,0.032547401
night,PRESENT_OR_NOT,-0.509647577,-0.602297477
i had,PRESENT_OR_NOT,0.224799494,0.132149594
right,PRESENT_OR_NOT,0.054189042,-0.038460858
deal,PRESENT_OR_NOT,-0.049921426,-0.142571326
for,PRESENT_OR_NOT,-0.13470961,-0.22735951
get on,PRESENT_OR_NOT,-0.02597696,-0.11862686
everything,PRESENT_OR_NOT,0.010382737,-0.082267163
o,PRESENT_OR_NOT,0.002848916,-0.089800984
i am,PRESENT_OR_NOT,0.047846808,-0.044803092
two,PRESENT_OR_NOT,-0.137518435,-0.230168334
down,PRESENT_OR_NOT,-0.021012105,-0.113662005
music,PRESENT_OR_NOT,0.263977595,0.171327696
was,PRESENT_OR_NOT,-0.637257432,-0.729907331
happy,PRESENT_OR_NOT,0.337363404,0.244713504
head,PRESENT_OR_NOT,-0.038499382,-0.131149282
tell,PRESENT_OR_NOT,-0.116727661,-0.209377561
later,PRESENT_OR_NOT,-0.138347003,-0.230996903
it was,PRESENT_OR_NOT,-0.295015278,-0.387665178
"though ,",PRESENT_OR_NOT,0.309396353,0.216746453
no,PRESENT_OR_NOT,0.111149402,0.018499502
test,PRESENT_OR_NOT,-0.206663274,-0.299313174
weekend,PRESENT_OR_NOT,-0.481000478,-0.573650377
time,PRESENT_OR_NOT,-0.049838873,-0.142488772
:(,PRESENT_OR_NOT,-0.00157198,-0.09422188
:),PRESENT_OR_NOT,-0.075936859,-0.168586758
. i'm,PRESENT_OR_NOT,-0.031043189,-0.123693089
/,PRESENT_OR_NOT,0.01784147,-0.07480843
finally,PRESENT_OR_NOT,-0.50455517,-0.59720507
text,PRESENT_OR_NOT,-0.024933161,-0.117583061
i can't,PRESENT_OR_NOT,0.050693711,-0.041956189
did,PRESENT_OR_NOT,-0.316008057,-0.408657957
soooo,PRESENT_OR_NOT,-0.108582829,-0.201232729
says,PRESENT_OR_NOT,-0.063268905,-0.155918804
waiting for,PRESENT_OR_NOT,0.593609994,0.500960094
wait,PRESENT_OR_NOT,-0.479448303,-0.572098203
so much,PRESENT_OR_NOT,-0.173898305,-0.266548205
love,PRESENT_OR_NOT,0.154799988,0.062150088
today,PRESENT_OR_NOT,-0.240579033,-0.333228933
car,PRESENT_OR_NOT,-0.053890548,-0.146540447
can,PRESENT_OR_NOT,-0.008574103,-0.101224003
fuck,PRESENT_OR_NOT,0.011778874,-0.080871026
heard,PRESENT_OR_NOT,-0.214602553,-0.307252452
watching,PRESENT_OR_NOT,0.081166092,-0.011483808
1,PRESENT_OR_NOT,-0.104374144,-0.197024044
till,PRESENT_OR_NOT,-0.104458764,-0.197108663
sunday,PRESENT_OR_NOT,-0.439177605,-0.531827504
guys,PRESENT_OR_NOT,0.096403903,0.003754003
grow,PRESENT_OR_NOT,0.027503822,-0.065146077
all my,PRESENT_OR_NOT,-0.083874807,-0.176524707
cold,PRESENT_OR_NOT,0.177659696,0.085009797
still,PRESENT_OR_NOT,0.150958005,0.058308105
.... but,PRESENT_OR_NOT,0.070568188,-0.022081712
thank,PRESENT_OR_NOT,-0.16738358,-0.26003348
the world,PRESENT_OR_NOT,0.014427226,-0.078222674
3,PRESENT_OR_NOT,-0.275467506,-0.368117406
not,PRESENT_OR_NOT,-0.032871665,-0.125521565
now,PRESENT_OR_NOT,0.058576155,-0.034073745
day !,PRESENT_OR_NOT,0.238390674,0.145740774
year,PRESENT_OR_NOT,-0.207992184,-0.300642083
care,PRESENT_OR_NOT,0.080785881,-0.011864018
first,PRESENT_OR_NOT,-0.216212943,-0.308862843
tomorrow,PRESENT_OR_NOT,-0.97721758,-1.06986748
anyone,PRESENT_OR_NOT,-0.038430642,-0.131080542
2,PRESENT_OR_NOT,-0.205433794,-0.298083694
get it,PRESENT_OR_NOT,0.126206383,0.033556483
eyes,PRESENT_OR_NOT,0.164074789,0.071424889
that,PRESENT_OR_NOT,-0.023118793,-0.115768693
13,PRESENT_OR_NOT,-0.116703527,-0.209353427
bored,PRESENT_OR_NOT,0.501394975,0.408745075
were,PRESENT_OR_NOT,-0.203670328,-0.296320228
and,PRESENT_OR_NOT,0.027770837,-0.064879062
say,PRESENT_OR_NOT,0.178215422,0.085565522
saw,PRESENT_OR_NOT,-0.378864915,-0.471514814
any,PRESENT_OR_NOT,0.08823546,-0.004414439
have the,PRESENT_OR_NOT,0.168496317,0.075846418
take,PRESENT_OR_NOT,-0.18417725,-0.27682715
in my,PRESENT_OR_NOT,-0.021431535,-0.114081435
going,PRESENT_OR_NOT,-0.311585818,-0.404235718
get,PRESENT_OR_NOT,-0.166966188,-0.259616087
cannot,PRESENT_OR_NOT,0.168074403,0.075424503
morning,PRESENT_OR_NOT,-0.130263194,-0.222913093
again ...,PRESENT_OR_NOT,0.243292702,0.150642802
come,PRESENT_OR_NOT,-0.272274759,-0.364924659
s,PRESENT_OR_NOT,0.053344593,-0.039305307
can't,PRESENT_OR_NOT,0.045289055,-0.047360844
wants,PRESENT_OR_NOT,0.182407169,0.08975727
for you,PRESENT_OR_NOT,0.009739303,-0.082910596
those,PRESENT_OR_NOT,0.256792737,0.164142837
these,PRESENT_OR_NOT,0.108538631,0.015888731
coffee,PRESENT_OR_NOT,-0.151303583,-0.243953483
about to,PRESENT_OR_NOT,-0.314139269,-0.406789168
i love,PRESENT_OR_NOT,0.505804627,0.413154728
without,PRESENT_OR_NOT,-0.173528591,-0.266178491
do it,PRESENT_OR_NOT,-0.23219609,-0.32484599
money,PRESENT_OR_NOT,0.039268611,-0.053381289
rest,PRESENT_OR_NOT,0.123446943,0.030797044
give a,PRESENT_OR_NOT,0.152296788,0.059646889
4,PRESENT_OR_NOT,-0.395156347,-0.487806247
real,PRESENT_OR_NOT,0.056166146,-0.036483754
around,PRESENT_OR_NOT,0.001901476,-0.090748423
read,PRESENT_OR_NOT,-0.164847224,-0.257497124
gonna,PRESENT_OR_NOT,-0.778930223,-0.871580123
amp,PRESENT_OR_NOT,-0.062801676,-0.155451576
thinks,PRESENT_OR_NOT,0.13495806,0.04230816
on,PRESENT_OR_NOT,-0.10588247,-0.198532369
oh,PRESENT_OR_NOT,-0.144084491,-0.236734391
of,PRESENT_OR_NOT,0.023636066,-0.069013834
it's,PRESENT_OR_NOT,0.17493667,0.08228677
or,PRESENT_OR_NOT,-0.094685452,-0.187335351
you just,PRESENT_OR_NOT,0.0354635,-0.057186399
your,PRESENT_OR_NOT,0.006312322,-0.086337578
lol,PRESENT_OR_NOT,-0.227773283,-0.320423183
start,PRESENT_OR_NOT,-0.010567171,-0.103217071
and you,PRESENT_OR_NOT,-0.084005531,-0.17665543
with,PRESENT_OR_NOT,-0.059943646,-0.152593546
/ o,PRESENT_OR_NOT,0.003246273,-0.089403627
gone,PRESENT_OR_NOT,-0.113103828,-0.205753728
ah,PRESENT_OR_NOT,-0.029665669,-0.122315569
an,PRESENT_OR_NOT,-0.023203053,-0.115852953
at,PRESENT_OR_NOT,-0.140831779,-0.233481678
i need,PRESENT_OR_NOT,-0.191931315,-0.284581214
saturday,PRESENT_OR_NOT,-0.099723911,-0.19237381
you,PRESENT_OR_NOT,0.068941947,-0.023707953
i would,PRESENT_OR_NOT,-0.043087578,-0.135737478
having,PRESENT_OR_NOT,0.092336996,-0.000312904
u,PRESENT_OR_NOT,0.148525052,0.055875152
all,PRESENT_OR_NOT,0.02524948,-0.06740042
to,PRESENT_OR_NOT,-0.152140031,-0.244789931
smile,PRESENT_OR_NOT,0.104233377,0.011583477
i'll,PRESENT_OR_NOT,-0.006978714,-0.099628613
tea,PRESENT_OR_NOT,0.041837285,-0.050812615
what,PRESENT_OR_NOT,-0.006907364,-0.099557264
right now,PRESENT_OR_NOT,0.249745143,0.157095244
like the,PRESENT_OR_NOT,0.17119493,0.07854503
full,PRESENT_OR_NOT,0.029385822,-0.063264078
hours,PRESENT_OR_NOT,-0.239155597,-0.331805497
put,PRESENT_OR_NOT,-0.091011186,-0.183661086
up and,PRESENT_OR_NOT,0.019187978,-0.073461922
i just,PRESENT_OR_NOT,0.102268803,0.009618903
glad,PRESENT_OR_NOT,-0.051183939,-0.143833838
hour,PRESENT_OR_NOT,-0.353493371,-0.44614327
to find,PRESENT_OR_NOT,0.18474872,0.09209882
dress,PRESENT_OR_NOT,0.086960009,-0.005689891
!,PRESENT_OR_NOT,-0.079521655,-0.172171555
bit of,PRESENT_OR_NOT,0.11177477,0.01912487
tried,PRESENT_OR_NOT,-0.071442212,-0.164092111
coming,PRESENT_OR_NOT,-0.032579845,-0.125229745
a,PRESENT_OR_NOT,-0.088243667,-0.180893566
help,PRESENT_OR_NOT,0.044960073,-0.047689827
don't,PRESENT_OR_NOT,0.036517846,-0.056132054
soon,PRESENT_OR_NOT,-0.453477075,-0.546126975
its,PRESENT_OR_NOT,0.071543884,-0.021106016
good,PRESENT_OR_NOT,0.050301078,-0.042348822
just got,PRESENT_OR_NOT,-0.425752179,-0.518402078
always,PRESENT_OR_NOT,0.293628992,0.200979092
found,PRESENT_OR_NOT,-0.121133018,-0.213782918
week,PRESENT_OR_NOT,-0.551847277,-0.644497177
everyone,PRESENT_OR_NOT,0.118655492,0.026005592
off to,PRESENT_OR_NOT,-0.273911883,-0.366561783
friday,PRESENT_OR_NOT,-0.0912179,-0.1838678
guess,PRESENT_OR_NOT,-0.235958937,-0.328608837
wish i,PRESENT_OR_NOT,0.392390061,0.299740162
dont,PRESENT_OR_NOT,0.046964009,-0.045685891
feel,PRESENT_OR_NOT,0.052415179,-0.040234721
done,PRESENT_OR_NOT,-0.296485794,-0.389135694
_intercept,PRESENT_OR_NOT,0.236749577,0.144099678
are you,PRESENT_OR_NOT,-0.132187202,-0.224837102
for the,PRESENT_OR_NOT,-0.095759438,-0.188409338
. http://t.co /,PRESENT_OR_NOT,0.001348456,-0.091301444
i think,PRESENT_OR_NOT,-0.009460869,-0.102110769
just want,PRESENT_OR_NOT,0.603051394,0.510401495
i like,PRESENT_OR_NOT,0.156021978,0.063372078
hit,PRESENT_OR_NOT,-0.167878444,-0.260528344
i go,PRESENT_OR_NOT,0.076388504,-0.016261395
feels,PRESENT_OR_NOT,0.081576827,-0.011073073
no one,PRESENT_OR_NOT,0.273553647,0.180903747
! ? !,PRESENT_OR_NOT,-0.020944577,-0.113594477
see,PRESENT_OR_NOT,0.019919275,-0.072730625
are,PRESENT_OR_NOT,0.21694248,0.12429258
please,PRESENT_OR_NOT,-0.32510823,-0.41775813
won,PRESENT_OR_NOT,-0.243517765,-0.336167665
last,PRESENT_OR_NOT,-0.299323053,-0.391972953
to be,PRESENT_OR_NOT,0.286745255,0.194095355
whole,PRESENT_OR_NOT,-0.067029868,-0.159679768
due,PRESENT_OR_NOT,-0.209037013,-0.301686913
what's,PRESENT_OR_NOT,0.417448281,0.324798381
trying to,PRESENT_OR_NOT,0.250669666,0.158019766
look,PRESENT_OR_NOT,0.213436356,0.120786456
i can,PRESENT_OR_NOT,0.043297968,-0.049351931
yesterday,PRESENT_OR_NOT,-0.268259331,-0.360909231
! http://t.co /,PRESENT_OR_NOT,-0.026932832,-0.119582731
one more,PRESENT_OR_NOT,-0.141422683,-0.234072583
listening,PRESENT_OR_NOT,0.100297932,0.007648032
world,PRESENT_OR_NOT,0.119896717,0.027246817
excited,PRESENT_OR_NOT,-0.013881265,-0.106531164
...,PRESENT_OR_NOT,-0.056870464,-0.149520364
game,PRESENT_OR_NOT,-0.22041123,-0.31306113
be,PRESENT_OR_NOT,0.068858192,-0.023791708
run,PRESENT_OR_NOT,-0.022451611,-0.115101511
wanna,PRESENT_OR_NOT,-0.316839525,-0.409489425
into,PRESENT_OR_NOT,-0.010610474,-0.103260374
because,PRESENT_OR_NOT,0.18067612,0.08802622
..,PRESENT_OR_NOT,-0.066474447,-0.159124346
long,PRESENT_OR_NOT,-0.038076013,-0.130725913
:,PRESENT_OR_NOT,0.037110861,-0.055539039
....,PRESENT_OR_NOT,0.081744309,-0.010905591
up,PRESENT_OR_NOT,-0.072333972,-0.164983872
ur,PRESENT_OR_NOT,0.009415743,-0.083234157
%,PRESENT_OR_NOT,-0.191910063,-0.284559963
nice,PRESENT_OR_NOT,0.052331456,-0.040318444
: i,PRESENT_OR_NOT,-0.082846427,-0.175496327
find a,PRESENT_OR_NOT,0.263404206,0.170754306
with all,PRESENT_OR_NOT,-0.016082809,-0.108732709
go,PRESENT_OR_NOT,-0.101595892,-0.194245792
wishes,PRESENT_OR_NOT,-0.041277196,-0.133927095
my life,PRESENT_OR_NOT,0.050556076,-0.042093823
great,PRESENT_OR_NOT,-0.102070613,-0.194720512
30,PRESENT_OR_NOT,-0.095345247,-0.187995146
leaving,PRESENT_OR_NOT,-0.008030078,-0.100679978
makes,PRESENT_OR_NOT,0.38030083,0.287650931
http://t.co /,PRESENT_OR_NOT,0.019828999,-0.072820901
i was,PRESENT_OR_NOT,0.188955898,0.096305998
of my,PRESENT_OR_NOT,-0.045413729,-0.138063629
use,PRESENT_OR_NOT,-0.000689615,-0.093339514
from,PRESENT_OR_NOT,-0.276212074,-0.368861974
next,PRESENT_OR_NOT,-0.240860948,-0.333510848
babe,PRESENT_OR_NOT,0.056330234,-0.036319665
this,PRESENT_OR_NOT,-0.094393952,-0.187043851
ride,PRESENT_OR_NOT,-0.094714973,-0.187364873
when,PRESENT_OR_NOT,-0.168678926,-0.261328826
? !,PRESENT_OR_NOT,-0.007338151,-0.099988051
watch,PRESENT_OR_NOT,-0.125572362,-0.218222261
won't,PRESENT_OR_NOT,-0.174489572,-0.267139472
day,PRESENT_OR_NOT,-0.207351868,-0.300001768
our,PRESENT_OR_NOT,-0.059073207,-0.151723107
out,PRESENT_OR_NOT,-0.01227529,-0.10492519
',PRESENT_OR_NOT,-0.007303509,-0.099953409
cause,PRESENT_OR_NOT,0.169040018,0.076390118
could,PRESENT_OR_NOT,-0.046922227,-0.139572126
the best,PRESENT_OR_NOT,0.01654435,-0.076105549
loves,PRESENT_OR_NOT,0.031773185,-0.060876715
tonight,PRESENT_OR_NOT,-0.83360389,-0.92625379
i miss,PRESENT_OR_NOT,0.394326799,0.301676899
need,PRESENT_OR_NOT,0.029072334,-0.063577565
it is,PRESENT_OR_NOT,-0.027848282,-0.120498182
should,PRESENT_OR_NOT,-0.109141408,-0.201791308
hope,PRESENT_OR_NOT,-0.259945457,-0.352595357
yay !,PRESENT_OR_NOT,-0.3293482,-0.421998099
=),PRESENT_OR_NOT,-0.070253842,-0.162903741
we,PRESENT_OR_NOT,-0.057515213,-0.150165112
on my,PRESENT_OR_NOT,0.2651388,0.1724889
bought,PRESENT_OR_NOT,-0.136823922,-0.229473822
i get,PRESENT_OR_NOT,-0.176044873,-0.268694773
walk,PRESENT_OR_NOT,-0.012920231,-0.10557013
going to,PRESENT_OR_NOT,-0.292602111,-0.385252011
s /,PRESENT_OR_NOT,0.003257631,-0.089392269
am,PRESENT_OR_NOT,0.124666181,0.032016281
finished,PRESENT_OR_NOT,-0.245771592,-0.338421492
if you,PRESENT_OR_NOT,0.076587256,-0.016062644
will,PRESENT_OR_NOT,-0.311583865,-0.404233764
almost,PRESENT_OR_NOT,-0.032875562,-0.125525462
),PRESENT_OR_NOT,-0.000686263,-0.093336163
party,PRESENT_OR_NOT,-0.194986124,-0.287636024
gets,PRESENT_OR_NOT,-0.017925523,-0.110575422
off,PRESENT_OR_NOT,-0.207763119,-0.300413019
i,PRESENT_OR_NOT,-0.040168471,-0.13281837
to all,PRESENT_OR_NOT,0.022121404,-0.070528496
well,PRESENT_OR_NOT,-0.083154489,-0.175804388
is the,PRESENT_OR_NOT,0.110742149,0.018092249
like,PRESENT_OR_NOT,0.08299152,-0.00965838
lost,PRESENT_OR_NOT,-0.547156009,-0.639805909
: if,PRESENT_OR_NOT,0.147303331,0.054653431
become,PRESENT_OR_NOT,0.079531769,-0.013118131
nigga,PRESENT_OR_NOT,0.266297153,0.173647253
in this,PRESENT_OR_NOT,0.327765832,0.235115932
home,PRESENT_OR_NOT,0.091385473,-0.001264427
... it,PRESENT_OR_NOT,-0.087331266,-0.179981165
a long,PRESENT_OR_NOT,-0.085102264,-0.177752164
?,PRESENT_OR_NOT,-0.051866455,-0.144516355
getting,PRESENT_OR_NOT,-0.06188795,-0.15453785
own,PRESENT_OR_NOT,0.08409641,-0.00855349
*,PRESENT_OR_NOT,0.037959457,-0.054690442
but,PRESENT_OR_NOT,0.133965225,0.041315325
he,PRESENT_OR_NOT,-0.036930331,-0.129580231
made,PRESENT_OR_NOT,-0.326432797,-0.419082697
girl,PRESENT_OR_NOT,-0.025997059,-0.118646959
sick,PRESENT_OR_NOT,0.109699617,0.017049718
. http://t.co,PRESENT_OR_NOT,0.008377225,-0.084272674
all the,FUTURE_OR_NOT,0.072367408,-0.020282491
to work,FUTURE_OR_NOT,-0.044742574,-0.137392474
school,FUTURE_OR_NOT,0.098204459,0.00555456
tired,FUTURE_OR_NOT,-0.125470459,-0.218120359
even,FUTURE_OR_NOT,-0.143717687,-0.236367587
new,FUTURE_OR_NOT,0.028398615,-0.064251284
ever,FUTURE_OR_NOT,-0.051019646,-0.143669546
never,FUTURE_OR_NOT,-0.094069846,-0.186719746
here,FUTURE_OR_NOT,0.134171613,0.041521713
<3,FUTURE_OR_NOT,-0.006034773,-0.098684673
until,FUTURE_OR_NOT,0.027421971,-0.065227929
haha,FUTURE_OR_NOT,-0.038863047,-0.131512946
me,FUTURE_OR_NOT,0.032536424,-0.060113476
my,FUTURE_OR_NOT,-0.016097202,-0.108747102
want,FUTURE_OR_NOT,0.016305573,-0.076344327
i hope,FUTURE_OR_NOT,0.180950828,0.088300928
thing,FUTURE_OR_NOT,0.004363215,-0.088286685
how,FUTURE_OR_NOT,-0.090471544,-0.183121443
amazing,FUTURE_OR_NOT,-0.051611317,-0.144261217
ima,FUTURE_OR_NOT,0.038047921,-0.054601979
",",FUTURE_OR_NOT,-0.0362975,-0.1289474
weeks,FUTURE_OR_NOT,0.295563939,0.20291404
then,FUTURE_OR_NOT,0.120594411,0.027944511
on the,FUTURE_OR_NOT,0.083021109,-0.009628791
break,FUTURE_OR_NOT,0.302040248,0.209390348
went,FUTURE_OR_NOT,-0.28455921,-0.37720911
christmas !,FUTURE_OR_NOT,0.163021571,0.070371671
got,FUTURE_OR_NOT,-0.197045327,-0.289695227
days,FUTURE_OR_NOT,0.540595758,0.447945858
girls,FUTURE_OR_NOT,-0.042026616,-0.134676515
gym,FUTURE_OR_NOT,0.042443146,-0.050206754
took,FUTURE_OR_NOT,-0.021181587,-0.113831487
mind,FUTURE_OR_NOT,-0.026125383,-0.118775282
. i,FUTURE_OR_NOT,-0.029423911,-0.122073811
! i,FUTURE_OR_NOT,0.003495164,-0.089154736
-,FUTURE_OR_NOT,-0.077647551,-0.17029745
is going,FUTURE_OR_NOT,0.067484455,-0.025165445
busy,FUTURE_OR_NOT,0.32449509,0.23184519
do,FUTURE_OR_NOT,0.025941307,-0.066708593
best,FUTURE_OR_NOT,-0.107088693,-0.199738592
hopefully,FUTURE_OR_NOT,0.380767156,0.288117256
bout to,FUTURE_OR_NOT,0.545078735,0.452428836
been,FUTURE_OR_NOT,-0.130027511,-0.22267741
.,FUTURE_OR_NOT,-0.063208498,-0.155858398
life,FUTURE_OR_NOT,-0.131196539,-0.223846439
has,FUTURE_OR_NOT,-0.088526242,-0.181176142
is,FUTURE_OR_NOT,-0.108116409,-0.200766309
in,FUTURE_OR_NOT,0.057163266,-0.035486633
if,FUTURE_OR_NOT,0.221461556,0.128811656
make,FUTURE_OR_NOT,0.055413784,-0.037236116
the,FUTURE_OR_NOT,-0.053736725,-0.146386624
just,FUTURE_OR_NOT,-0.127121623,-0.219771523
thanks,FUTURE_OR_NOT,-0.210074689,-0.302724589
yet,FUTURE_OR_NOT,-0.043484722,-0.136134622
had,FUTURE_OR_NOT,-0.242914791,-0.33556469
is a,FUTURE_OR_NOT,-0.060612506,-0.153262406
night,FUTURE_OR_NOT,0.072713693,-0.019936206
people,FUTURE_OR_NOT,-0.219354136,-0.312004035
for,FUTURE_OR_NOT,0.091606652,-0.001043247
christmas,FUTURE_OR_NOT,0.034052062,-0.058597838
super,FUTURE_OR_NOT,-0.083458779,-0.176108679
way,FUTURE_OR_NOT,-0.045831666,-0.138481566
was,FUTURE_OR_NOT,-0.480784993,-0.573434893
happy,FUTURE_OR_NOT,-0.141325957,-0.233975857
head,FUTURE_OR_NOT,0.025916799,-0.0667331
hear,FUTURE_OR_NOT,-0.051566749,-0.144216649
tell,FUTURE_OR_NOT,0.082072788,-0.010577111
later,FUTURE_OR_NOT,0.437917568,0.345267669
check,FUTURE_OR_NOT,0.124680254,0.032030354
no,FUTURE_OR_NOT,-0.216360655,-0.309010554
til,FUTURE_OR_NOT,0.02536358,-0.06728632
test,FUTURE_OR_NOT,0.165338605,0.072688705
out of,FUTURE_OR_NOT,-0.112964356,-0.205614256
why,FUTURE_OR_NOT,-0.232541098,-0.325190998
weekend,FUTURE_OR_NOT,0.472021554,0.379371655
time,FUTURE_OR_NOT,0.106482548,0.013832648
back in the,FUTURE_OR_NOT,0.03582452,-0.05682538
:),FUTURE_OR_NOT,0.021404081,-0.071245819
i can't,FUTURE_OR_NOT,-0.027973135,-0.120623035
did,FUTURE_OR_NOT,-0.470555623,-0.563205523
team,FUTURE_OR_NOT,0.070540856,-0.022109044
wait,FUTURE_OR_NOT,0.878768732,0.786118832
love,FUTURE_OR_NOT,-0.066491015,-0.159140915
today,FUTURE_OR_NOT,0.08297444,-0.009675459
can,FUTURE_OR_NOT,0.164533231,0.071883332
awesome,FUTURE_OR_NOT,-0.069885175,-0.162535075
didn't,FUTURE_OR_NOT,-0.588788721,-0.681438621
fuck,FUTURE_OR_NOT,-0.141617333,-0.234267232
watching,FUTURE_OR_NOT,-0.05717111,-0.149821009
1,FUTURE_OR_NOT,0.026305195,-0.066344705
till,FUTURE_OR_NOT,0.335595867,0.242945967
sunday,FUTURE_OR_NOT,0.526230332,0.433580433
guys,FUTURE_OR_NOT,-0.030003645,-0.122653544
man,FUTURE_OR_NOT,-0.008179429,-0.100829329
so,FUTURE_OR_NOT,-0.021482806,-0.114132706
still,FUTURE_OR_NOT,-0.1162272,-0.2088771
half,FUTURE_OR_NOT,-0.104374253,-0.197024153
now,FUTURE_OR_NOT,-0.071680229,-0.164330129
day !,FUTURE_OR_NOT,-0.189287108,-0.281937008
year,FUTURE_OR_NOT,0.245691645,0.153041745
going to bed,FUTURE_OR_NOT,-0.293169041,-0.385818941
seriously,FUTURE_OR_NOT,-0.001863433,-0.094513333
care,FUTURE_OR_NOT,-0.080022696,-0.172672596
that is,FUTURE_OR_NOT,0.085665381,-0.006984519
tomorrow,FUTURE_OR_NOT,1.158070051,1.065420151
little,FUTURE_OR_NOT,-0.023507518,-0.116157417
anyone,FUTURE_OR_NOT,0.081102257,-0.011547643
2,FUTURE_OR_NOT,0.056213642,-0.036436258
get it,FUTURE_OR_NOT,-0.080979597,-0.173629497
friend,FUTURE_OR_NOT,0.02096408,-0.071685819
that,FUTURE_OR_NOT,-0.147202304,-0.239852204
than,FUTURE_OR_NOT,-0.063958032,-0.156607932
bored,FUTURE_OR_NOT,-0.199825053,-0.292474953
gotta,FUTURE_OR_NOT,0.088403723,-0.004246177
r,FUTURE_OR_NOT,-0.012526103,-0.105176003
were,FUTURE_OR_NOT,-0.016344859,-0.108994759
and,FUTURE_OR_NOT,-0.029612697,-0.122262597
say,FUTURE_OR_NOT,-0.05219028,-0.14484018
in my,FUTURE_OR_NOT,0.066533525,-0.026116375
can i,FUTURE_OR_NOT,0.058602775,-0.034047125
going,FUTURE_OR_NOT,0.550786002,0.458136102
get,FUTURE_OR_NOT,0.221634871,0.128984971
make it,FUTURE_OR_NOT,0.028017879,-0.06463202
love you,FUTURE_OR_NOT,-0.038502342,-0.131152242
come,FUTURE_OR_NOT,0.134580557,0.041930657
many,FUTURE_OR_NOT,-0.103456327,-0.196106227
last night,FUTURE_OR_NOT,-0.132769853,-0.225419753
those,FUTURE_OR_NOT,-0.113651063,-0.206300963
these,FUTURE_OR_NOT,-0.106719138,-0.199369038
", i",FUTURE_OR_NOT,-0.105379068,-0.198028968
about to,FUTURE_OR_NOT,0.664598864,0.571948965
i love,FUTURE_OR_NOT,-0.434454005,-0.527103905
do it,FUTURE_OR_NOT,0.040052226,-0.052597674
being,FUTURE_OR_NOT,-0.04838755,-0.14103745
what a,FUTURE_OR_NOT,-0.23356813,-0.32621803
of the,FUTURE_OR_NOT,-0.053886386,-0.146536286
thinking,FUTURE_OR_NOT,0.044393378,-0.048256522
4,FUTURE_OR_NOT,0.099264162,0.006614263
gonna,FUTURE_OR_NOT,0.946288485,0.853638585
on,FUTURE_OR_NOT,0.04492966,-0.04772024
let me,FUTURE_OR_NOT,0.0041592,-0.0884907
or,FUTURE_OR_NOT,0.185441832,0.092791933
there,FUTURE_OR_NOT,-0.05366338,-0.14631328
start,FUTURE_OR_NOT,0.143949253,0.051299353
trying,FUTURE_OR_NOT,-0.134701171,-0.227351071
with,FUTURE_OR_NOT,5.52857E-05,-0.092594614
they're,FUTURE_OR_NOT,0.143697083,0.051047184
as,FUTURE_OR_NOT,-0.162094974,-0.254744874
at,FUTURE_OR_NOT,0.06741118,-0.02523872
again,FUTURE_OR_NOT,-0.017645139,-0.110295039
i need,FUTURE_OR_NOT,0.677920189,0.58527029
saturday,FUTURE_OR_NOT,0.351791496,0.259141596
you,FUTURE_OR_NOT,-0.110527597,-0.203177497
all,FUTURE_OR_NOT,-0.028593084,-0.121242984
month,FUTURE_OR_NOT,0.442123844,0.349473944
imma,FUTURE_OR_NOT,0.157222878,0.064572978
to,FUTURE_OR_NOT,0.127466963,0.034817063
i'll,FUTURE_OR_NOT,0.251181359,0.15853146
and a,FUTURE_OR_NOT,0.001324942,-0.091324958
my birthday,FUTURE_OR_NOT,0.20675037,0.114100471
hours,FUTURE_OR_NOT,0.11054624,0.01789634
with me,FUTURE_OR_NOT,0.0164766,-0.0761733
i'm going,FUTURE_OR_NOT,0.164779879,0.07212998
more,FUTURE_OR_NOT,0.131296816,0.038646916
hour,FUTURE_OR_NOT,0.166485935,0.073836035
!,FUTURE_OR_NOT,0.045936252,-0.046713648
fb,FUTURE_OR_NOT,-0.012761871,-0.105411771
coming,FUTURE_OR_NOT,0.219820636,0.127170736
a,FUTURE_OR_NOT,-0.050814681,-0.143464581
soon,FUTURE_OR_NOT,0.35999733,0.26734743
always,FUTURE_OR_NOT,-0.061295522,-0.153945422
someone,FUTURE_OR_NOT,-0.012880267,-0.105530166
week,FUTURE_OR_NOT,0.309236855,0.216586955
everyone,FUTURE_OR_NOT,-0.045017141,-0.13766704
brother,FUTURE_OR_NOT,0.086574206,-0.006075694
off to,FUTURE_OR_NOT,0.634495403,0.541845503
friday,FUTURE_OR_NOT,0.110221559,0.017571659
guess,FUTURE_OR_NOT,0.345857222,0.253207323
dont,FUTURE_OR_NOT,-0.136269442,-0.228919342
miss,FUTURE_OR_NOT,-0.171488526,-0.264138426
"""",FUTURE_OR_NOT,-0.136962862,-0.229612762
_intercept,FUTURE_OR_NOT,-0.570547567,-0.663197467
i think,FUTURE_OR_NOT,0.312491623,0.219841723
nothing,FUTURE_OR_NOT,-0.05844159,-0.15109149
sometimes,FUTURE_OR_NOT,-0.004670414,-0.097320314
pretty,FUTURE_OR_NOT,-0.035100781,-0.127750681
feel like,FUTURE_OR_NOT,0.048684465,-0.043965435
his,FUTURE_OR_NOT,-0.016043505,-0.108693405
hit,FUTURE_OR_NOT,0.087369182,-0.005280718
him,FUTURE_OR_NOT,0.077509182,-0.015140718
see,FUTURE_OR_NOT,0.18109224,0.08844234
are,FUTURE_OR_NOT,-0.004151577,-0.096801477
please,FUTURE_OR_NOT,0.49572392,0.40307402
to be,FUTURE_OR_NOT,-0.209635552,-0.302285452
due,FUTURE_OR_NOT,0.502212611,0.409562711
damn,FUTURE_OR_NOT,-0.032951405,-0.125601305
look,FUTURE_OR_NOT,-0.045565012,-0.138214912
ready,FUTURE_OR_NOT,0.085228415,-0.007421485
one more,FUTURE_OR_NOT,0.157696005,0.065046105
listening,FUTURE_OR_NOT,-0.151155723,-0.243805623
world,FUTURE_OR_NOT,-0.047219956,-0.139869856
excited,FUTURE_OR_NOT,0.250487147,0.157837247
...,FUTURE_OR_NOT,-0.091378558,-0.184028457
for a,FUTURE_OR_NOT,0.025329657,-0.067320243
some,FUTURE_OR_NOT,0.123914365,0.031264465
by,FUTURE_OR_NOT,-0.041837344,-0.134487244
anything,FUTURE_OR_NOT,0.155493556,0.062843656
! ! !,FUTURE_OR_NOT,-0.030596728,-0.123246628
like a,FUTURE_OR_NOT,-0.136450453,-0.229100353
wanna,FUTURE_OR_NOT,0.380514033,0.287864133
today !,FUTURE_OR_NOT,0.10409783,0.01144793
:,FUTURE_OR_NOT,-0.151311788,-0.243961688
....,FUTURE_OR_NOT,-0.011439749,-0.104089649
%,FUTURE_OR_NOT,0.035523764,-0.057126136
nice,FUTURE_OR_NOT,-0.001873131,-0.094523031
<newline>,FUTURE_OR_NOT,-0.006069071,-0.098718971
go,FUTURE_OR_NOT,0.254671413,0.162021513
http://t.co,FUTURE_OR_NOT,-0.100711511,-0.193361411
it too,FUTURE_OR_NOT,0.006999249,-0.08565065
;,FUTURE_OR_NOT,-0.035259546,-0.127909446
my life,FUTURE_OR_NOT,-0.032682684,-0.125332584
leaving,FUTURE_OR_NOT,0.035080478,-0.057569421
makes,FUTURE_OR_NOT,-0.075447501,-0.168097401
wit,FUTURE_OR_NOT,0.003102854,-0.089547046
from,FUTURE_OR_NOT,-0.036598065,-0.129247965
next,FUTURE_OR_NOT,0.083857556,-0.008792344
few,FUTURE_OR_NOT,0.087042871,-0.005607029
text me,FUTURE_OR_NOT,0.181576712,0.088926812
this,FUTURE_OR_NOT,0.125261171,0.032611271
this is,FUTURE_OR_NOT,-0.079472674,-0.172122574
didnt,FUTURE_OR_NOT,-0.063729751,-0.156379651
> >,FUTURE_OR_NOT,-0.008445467,-0.101095367
watch,FUTURE_OR_NOT,0.427540685,0.334890785
move,FUTURE_OR_NOT,0.026150736,-0.066499163
day,FUTURE_OR_NOT,0.054086155,-0.038563745
',FUTURE_OR_NOT,0.003424571,-0.089225329
cause,FUTURE_OR_NOT,-0.003928737,-0.096578637
could,FUTURE_OR_NOT,0.201289517,0.108639618
their,FUTURE_OR_NOT,-0.205238304,-0.297888204
bed,FUTURE_OR_NOT,0.013554874,-0.079095026
tonight,FUTURE_OR_NOT,0.961627024,0.868977124
have,FUTURE_OR_NOT,0.014635612,-0.078014288
give me,FUTURE_OR_NOT,0.082679716,-0.009970184
my family,FUTURE_OR_NOT,0.048500143,-0.044149756
bring,FUTURE_OR_NOT,0.195651399,0.1030015
should,FUTURE_OR_NOT,0.141896605,0.049246705
hope,FUTURE_OR_NOT,0.179543435,0.086893536
i should,FUTURE_OR_NOT,0.040118963,-0.052530936
she,FUTURE_OR_NOT,-0.085208274,-0.177858174
wish,FUTURE_OR_NOT,0.157255202,0.064605302
we,FUTURE_OR_NOT,0.017888797,-0.074761102
i get,FUTURE_OR_NOT,0.093748639,0.001098739
tuesday,FUTURE_OR_NOT,0.558324626,0.465674726
walk,FUTURE_OR_NOT,0.263066658,0.170416758
follow me,FUTURE_OR_NOT,0.094962799,0.002312899
yay,FUTURE_OR_NOT,0.220100075,0.127450175
going to,FUTURE_OR_NOT,0.13278713,0.04013723
i will,FUTURE_OR_NOT,0.044261601,-0.048388299
will,FUTURE_OR_NOT,0.590789351,0.498139451
),FUTURE_OR_NOT,0.028214214,-0.064435686
party,FUTURE_OR_NOT,0.219524175,0.126874276
off,FUTURE_OR_NOT,0.126433454,0.033783555
i,FUTURE_OR_NOT,-0.089568239,-0.182218139
know,FUTURE_OR_NOT,-0.011961834,-0.104611734
like,FUTURE_OR_NOT,-0.028153905,-0.120803805
: if,FUTURE_OR_NOT,-0.069370308,-0.162020208
a long,FUTURE_OR_NOT,0.030094252,-0.062555648
?,FUTURE_OR_NOT,0.110028924,0.017379024
cant wait,FUTURE_OR_NOT,0.017657287,-0.074992613
getting,FUTURE_OR_NOT,0.080472582,-0.012177318
own,FUTURE_OR_NOT,-0.134962877,-0.227612776
i've,FUTURE_OR_NOT,-0.050338497,-0.142988396
but,FUTURE_OR_NOT,-0.054704243,-0.147354142
:) i,FUTURE_OR_NOT,0.128931443,0.036281544
i want,FUTURE_OR_NOT,0.125473508,0.032823608
sick,FUTURE_OR_NOT,-0.031437083,-0.124086983
monday,FUTURE_OR_NOT,0.390119763,0.297469863
friends,FUTURE_OR_NOT,-0.094991829,-0.187641729
goin,FUTURE_OR_NOT,0.150695483,0.058045583
hate,PAST_OR_NOT,-0.021826162,-0.114476062
all the,PAST_OR_NOT,-0.262148705,-0.354798605
i wish,PAST_OR_NOT,-0.03472096,-0.127370859
every,PAST_OR_NOT,0.401338371,0.308688471
. lmao,PAST_OR_NOT,0.258768959,0.166119059
street,PAST_OR_NOT,0.110472073,0.017822173
even,PAST_OR_NOT,0.029345692,-0.063304207
ever,PAST_OR_NOT,0.123441357,0.030791457
told,PAST_OR_NOT,0.174090492,0.081440592
here,PAST_OR_NOT,-0.022757175,-0.115407075
i'm,PAST_OR_NOT,-0.08735985,-0.180009749
<3,PAST_OR_NOT,-0.006617682,-0.099267582
would,PAST_OR_NOT,0.003084024,-0.089565876
until,PAST_OR_NOT,-0.008472939,-0.101122839
me,PAST_OR_NOT,0.016661684,-0.075988215
my,PAST_OR_NOT,0.049959697,-0.042690203
want,PAST_OR_NOT,-0.157846875,-0.250496774
times,PAST_OR_NOT,0.180433277,0.087783378
thing,PAST_OR_NOT,-0.0491047,-0.1417546
how,PAST_OR_NOT,0.036578474,-0.056071425
amazing,PAST_OR_NOT,0.165804099,0.073154199
pizza,PAST_OR_NOT,0.233888172,0.141238273
have to,PAST_OR_NOT,-0.077179024,-0.169828924
after,PAST_OR_NOT,0.239190595,0.146540696
third,PAST_OR_NOT,0.063275298,-0.029374602
",",PAST_OR_NOT,-0.01057639,-0.10322629
they,PAST_OR_NOT,0.036427014,-0.056222886
went,PAST_OR_NOT,0.45252546,0.35987556
mean,PAST_OR_NOT,0.040082061,-0.052567839
rt,PAST_OR_NOT,-0.208630832,-0.301280731
have a,PAST_OR_NOT,-0.257762182,-0.350412082
got,PAST_OR_NOT,0.491042339,0.39839244
took,PAST_OR_NOT,0.63397347,0.54132357
a little,PAST_OR_NOT,-0.010928667,-0.103578566
feeling,PAST_OR_NOT,-0.079632982,-0.172282882
mind,PAST_OR_NOT,0.044863701,-0.047786199
spent,PAST_OR_NOT,0.70979698,0.61714708
seen,PAST_OR_NOT,0.498521153,0.405871254
-,PAST_OR_NOT,0.013350345,-0.079299555
snow,PAST_OR_NOT,-0.16185146,-0.25450136
! !,PAST_OR_NOT,-0.032245476,-0.124895376
dog,PAST_OR_NOT,0.04640583,-0.04624407
had to,PAST_OR_NOT,0.046411854,-0.046238046
has a,PAST_OR_NOT,-0.042761357,-0.135411257
came,PAST_OR_NOT,0.398392217,0.305742317
for my,PAST_OR_NOT,-0.022934327,-0.115584226
it .,PAST_OR_NOT,-0.04036008,-0.13300998
busy,PAST_OR_NOT,-0.159264774,-0.251914674
do,PAST_OR_NOT,-0.032979703,-0.125629602
lmao,PAST_OR_NOT,0.057983629,-0.034666271
said,PAST_OR_NOT,0.33700339,0.24435349
away,PAST_OR_NOT,0.03331621,-0.059333689
hopefully,PAST_OR_NOT,-0.180521649,-0.273171549
been,PAST_OR_NOT,0.484719749,0.392069849
.,PAST_OR_NOT,0.03744194,-0.055207959
much,PAST_OR_NOT,0.002030559,-0.090619341
is,PAST_OR_NOT,-0.185647465,-0.278297365
cant,PAST_OR_NOT,-0.09890357,-0.191553469
im,PAST_OR_NOT,-0.073792388,-0.166442288
in,PAST_OR_NOT,0.03770461,-0.05494529
if,PAST_OR_NOT,-0.20569116,-0.298341059
make,PAST_OR_NOT,-0.006869575,-0.099519475
people are,PAST_OR_NOT,0.131761461,0.039111562
the,PAST_OR_NOT,0.124914455,0.032264555
left,PAST_OR_NOT,0.248017428,0.155367528
just,PAST_OR_NOT,0.212151638,0.119501738
thanks,PAST_OR_NOT,0.423509307,0.330859407
had,PAST_OR_NOT,0.619403197,0.526753297
gave,PAST_OR_NOT,0.505701155,0.413051255
night,PAST_OR_NOT,0.206251059,0.113601159
i had,PAST_OR_NOT,-0.178003918,-0.270653818
right,PAST_OR_NOT,-0.003272476,-0.095922376
deal,PAST_OR_NOT,0.014569548,-0.078080351
people,PAST_OR_NOT,0.049038949,-0.043610951
o,PAST_OR_NOT,-0.000745691,-0.093395591
two,PAST_OR_NOT,0.065340119,-0.02730978
down,PAST_OR_NOT,0.081890854,-0.010759045
music,PAST_OR_NOT,-0.086576102,-0.179226001
was,PAST_OR_NOT,0.942634866,0.849984966
happy,PAST_OR_NOT,-0.11519578,-0.20784568
it was,PAST_OR_NOT,0.039156132,-0.053493768
no,PAST_OR_NOT,0.023566774,-0.069083126
til,PAST_OR_NOT,-0.028674441,-0.121324341
why,PAST_OR_NOT,0.188347507,0.095697607
let's,PAST_OR_NOT,-0.016501726,-0.109151625
fell,PAST_OR_NOT,0.111960923,0.019311023
time,PAST_OR_NOT,-0.016151591,-0.108801491
finally,PAST_OR_NOT,0.52718226,0.434532361
did,PAST_OR_NOT,0.735255694,0.642605795
says,PAST_OR_NOT,0.293716339,0.201066439
wait,PAST_OR_NOT,-0.359931643,-0.452581543
so much,PAST_OR_NOT,0.050544646,-0.042105254
love,PAST_OR_NOT,-0.037613647,-0.130263547
today,PAST_OR_NOT,0.102526606,0.009876706
car,PAST_OR_NOT,0.226240976,0.133591077
can,PAST_OR_NOT,-0.096644351,-0.189294251
awesome,PAST_OR_NOT,0.136581062,0.043931162
didn't,PAST_OR_NOT,0.30328369,0.21063379
heard,PAST_OR_NOT,0.253940911,0.161291011
grow,PAST_OR_NOT,-0.0169706,-0.1096205
maybe,PAST_OR_NOT,-0.060444215,-0.153094115
all my,PAST_OR_NOT,0.01795033,-0.074699569
.... but,PAST_OR_NOT,-0.032019365,-0.124669264
thank,PAST_OR_NOT,0.127118876,0.034468976
happened,PAST_OR_NOT,0.003447396,-0.089202503
3,PAST_OR_NOT,0.200019889,0.107369989
not,PAST_OR_NOT,0.035058393,-0.057591507
made my,PAST_OR_NOT,0.080437114,-0.012212786
yeah,PAST_OR_NOT,0.037828003,-0.054821897
happen,PAST_OR_NOT,0.069344033,-0.023305867
had a,PAST_OR_NOT,0.042526962,-0.050122938
think,PAST_OR_NOT,-0.081412964,-0.174062863
first,PAST_OR_NOT,0.172849912,0.080200012
open,PAST_OR_NOT,0.132084911,0.039435011
tomorrow,PAST_OR_NOT,-0.339935433,-0.432585332
slept,PAST_OR_NOT,0.257156153,0.164506254
eyes,PAST_OR_NOT,-0.000525677,-0.093175577
that,PAST_OR_NOT,0.136991537,0.044341637
than,PAST_OR_NOT,0.078270687,-0.014379213
13,PAST_OR_NOT,0.307564675,0.214914775
bored,PAST_OR_NOT,-0.105358358,-0.198008258
were,PAST_OR_NOT,0.349396103,0.256746203
say,PAST_OR_NOT,-0.077966247,-0.170616147
saw,PAST_OR_NOT,0.83425415,0.74160425
any,PAST_OR_NOT,-0.055551447,-0.148201347
take,PAST_OR_NOT,0.022518627,-0.070131273
going,PAST_OR_NOT,-0.148198329,-0.240848229
get,PAST_OR_NOT,-0.017737702,-0.110387602
went to,PAST_OR_NOT,0.03838537,-0.05426453
", that",PAST_OR_NOT,0.040225355,-0.052424544
s,PAST_OR_NOT,-0.082976085,-0.175625985
last night,PAST_OR_NOT,0.383326116,0.290676217
can't,PAST_OR_NOT,-0.023811123,-0.116461023
wants,PAST_OR_NOT,-0.066518317,-0.159168217
when my,PAST_OR_NOT,0.031089748,-0.061560152
about to,PAST_OR_NOT,-0.01911958,-0.11176948
i love,PAST_OR_NOT,-0.215464157,-0.308114057
what a,PAST_OR_NOT,0.056063355,-0.036586545
around,PAST_OR_NOT,-0.003969973,-0.096619873
read,PAST_OR_NOT,0.211104769,0.118454869
gonna,PAST_OR_NOT,-0.137476112,-0.230126012
amp,PAST_OR_NOT,0.147525011,0.054875112
in the,PAST_OR_NOT,-0.017089634,-0.109739534
on,PAST_OR_NOT,0.014505635,-0.078144265
oh,PAST_OR_NOT,0.13718041,0.04453051
of,PAST_OR_NOT,-0.006099968,-0.098749867
favorite,PAST_OR_NOT,0.101027302,0.008377403
it's,PAST_OR_NOT,-0.188357642,-0.281007542
or,PAST_OR_NOT,-0.045766585,-0.138416485
your,PAST_OR_NOT,-0.025762275,-0.118412175
there,PAST_OR_NOT,0.068957845,-0.023692054
lol,PAST_OR_NOT,0.183133768,0.090483868
with,PAST_OR_NOT,0.01193508,-0.080714819
ah,PAST_OR_NOT,0.155253269,0.06260337
an,PAST_OR_NOT,0.055818791,-0.036831109
as,PAST_OR_NOT,0.210298298,0.117648398
at,PAST_OR_NOT,0.025366269,-0.06728363
again,PAST_OR_NOT,0.042187342,-0.050462558
i need,PAST_OR_NOT,-0.113892867,-0.206542767
5,PAST_OR_NOT,0.085203219,-0.007446681
you,PAST_OR_NOT,0.015879039,-0.076770861
i would,PAST_OR_NOT,0.022645348,-0.070004552
having,PAST_OR_NOT,-0.141630178,-0.234280078
u,PAST_OR_NOT,-0.124794365,-0.217444264
all,PAST_OR_NOT,0.002865213,-0.089784687
month,PAST_OR_NOT,-0.038837882,-0.131487782
when people,PAST_OR_NOT,0.202592459,0.109942559
follow,PAST_OR_NOT,-0.051502906,-0.144152806
to,PAST_OR_NOT,-0.001453743,-0.094103643
smile,PAST_OR_NOT,-0.083074968,-0.175724868
i'll,PAST_OR_NOT,-0.077876043,-0.170525943
"yeah ,",PAST_OR_NOT,0.098639034,0.005989134
what,PAST_OR_NOT,0.039874926,-0.052774974
right now,PAST_OR_NOT,-0.279140754,-0.371790654
like the,PAST_OR_NOT,-0.004736313,-0.097386212
. at,PAST_OR_NOT,0.001709726,-0.090940173
more,PAST_OR_NOT,-0.090815615,-0.183465515
i just,PAST_OR_NOT,-0.047633705,-0.140283605
broke,PAST_OR_NOT,0.305843279,0.213193379
dress,PAST_OR_NOT,-0.002585635,-0.095235535
!,PAST_OR_NOT,0.00220598,-0.09044392
tried,PAST_OR_NOT,0.429974286,0.337324386
a,PAST_OR_NOT,0.120709806,0.028059906
don't,PAST_OR_NOT,-0.023614986,-0.116264886
its,PAST_OR_NOT,-0.079733773,-0.172383673
bout,PAST_OR_NOT,-0.019654647,-0.112304547
good,PAST_OR_NOT,-0.018941956,-0.111591856
just got,PAST_OR_NOT,0.363396354,0.270746454
always,PAST_OR_NOT,-0.02167858,-0.114328479
found,PAST_OR_NOT,0.306342016,0.213692116
week,PAST_OR_NOT,0.059805374,-0.032844525
hard,PAST_OR_NOT,0.049546108,-0.043103792
off to,PAST_OR_NOT,-0.056359687,-0.149009586
wish i,PAST_OR_NOT,-0.094625859,-0.187275759
must be,PAST_OR_NOT,0.016576627,-0.076073273
dont,PAST_OR_NOT,0.012945562,-0.079704338
done,PAST_OR_NOT,0.210915179,0.118265279
"""",PAST_OR_NOT,0.124261959,0.031612059
to get,PAST_OR_NOT,-0.014178429,-0.106828329
_intercept,PAST_OR_NOT,-0.649406376,-0.742056276
believe,PAST_OR_NOT,-0.037770114,-0.130420013
are you,PAST_OR_NOT,0.185897644,0.093247744
woke up,PAST_OR_NOT,0.003489942,-0.089159958
every time,PAST_OR_NOT,0.123854505,0.031204605
i think,PAST_OR_NOT,-0.050439344,-0.143089244
just want,PAST_OR_NOT,-0.053460414,-0.146110314
find,PAST_OR_NOT,-0.157337223,-0.249987123
i like,PAST_OR_NOT,-0.080767531,-0.17341743
his,PAST_OR_NOT,0.065162892,-0.027487007
today ...,PAST_OR_NOT,0.03182522,-0.060824679
see,PAST_OR_NOT,-0.222356133,-0.315006032
are,PAST_OR_NOT,-0.192622051,-0.28527195
please,PAST_OR_NOT,-0.023180589,-0.115830489
won,PAST_OR_NOT,0.58922798,0.49657808
last,PAST_OR_NOT,0.206015728,0.113365828
back from,PAST_OR_NOT,0.113292256,0.020642356
. my,PAST_OR_NOT,0.111330087,0.018680188
damn,PAST_OR_NOT,0.108145892,0.015495993
woke,PAST_OR_NOT,0.26991412,0.17726422
why is,PAST_OR_NOT,0.085040694,-0.007609206
look,PAST_OR_NOT,-0.020869495,-0.113519395
(:,PAST_OR_NOT,-0.0641049,-0.1567548
ready,PAST_OR_NOT,-0.044930365,-0.137580265
yesterday,PAST_OR_NOT,0.260857052,0.168207152
moment,PAST_OR_NOT,0.102053932,0.009404032
...,PAST_OR_NOT,0.138387212,0.045737312
game,PAST_OR_NOT,0.127628909,0.03497901
bit,PAST_OR_NOT,-0.178299107,-0.270949007
some,PAST_OR_NOT,-0.105851279,-0.198501179
back,PAST_OR_NOT,0.007786939,-0.084862961
want to,PAST_OR_NOT,-0.005024828,-0.097674728
be,PAST_OR_NOT,-0.139507729,-0.232157629
by,PAST_OR_NOT,0.017736601,-0.074913298
like a,PAST_OR_NOT,0.019069963,-0.073579937
because,PAST_OR_NOT,-0.16899775,-0.261647649
..,PAST_OR_NOT,0.075962147,-0.016687752
:,PAST_OR_NOT,0.030530352,-0.062119547
....,PAST_OR_NOT,-0.100260031,-0.192909931
up,PAST_OR_NOT,0.052292344,-0.040357555
called,PAST_OR_NOT,0.083715239,-0.008934661
: i,PAST_OR_NOT,0.011331979,-0.081317921
go,PAST_OR_NOT,-0.153387157,-0.246037057
http://t.co,PAST_OR_NOT,0.026083559,-0.066566341
should have,PAST_OR_NOT,0.420747384,0.328097484
great,PAST_OR_NOT,0.129256614,0.036606714
30,PAST_OR_NOT,0.113684893,0.021034994
makes,PAST_OR_NOT,-0.03571837,-0.128368269
thats,PAST_OR_NOT,0.022802279,-0.069847621
i was,PAST_OR_NOT,-0.202161027,-0.294810926
just a,PAST_OR_NOT,-0.096770668,-0.189420568
from,PAST_OR_NOT,0.3026349,0.209985
&,PAST_OR_NOT,0.015104836,-0.077545064
and now,PAST_OR_NOT,0.293703679,0.20105378
sister,PAST_OR_NOT,0.011401742,-0.081248158
this,PAST_OR_NOT,-0.035734911,-0.12838481
ride,PAST_OR_NOT,0.018674201,-0.073975699
when,PAST_OR_NOT,0.132065272,0.039415372
this is,PAST_OR_NOT,0.194162551,0.101512651
didnt,PAST_OR_NOT,0.195004662,0.102354762
? !,PAST_OR_NOT,0.055536735,-0.037113165
watch,PAST_OR_NOT,-0.106939711,-0.199589611
move,PAST_OR_NOT,-0.020899776,-0.113549676
won't,PAST_OR_NOT,0.015658766,-0.076991133
day,PAST_OR_NOT,0.105166115,0.012516215
doesnt,PAST_OR_NOT,0.137959053,0.045309154
out,PAST_OR_NOT,0.019754904,-0.072894995
their,PAST_OR_NOT,0.182264398,0.089614498
bed,PAST_OR_NOT,-0.027368519,-0.120018419
tonight,PAST_OR_NOT,-0.129090051,-0.22173995
have,PAST_OR_NOT,-0.007308596,-0.099958496
i miss,PAST_OR_NOT,-0.086941629,-0.179591529
need,PAST_OR_NOT,-0.194616614,-0.287266513
the day,PAST_OR_NOT,-0.016379747,-0.109029646
at the,PAST_OR_NOT,-0.067199411,-0.159849311
bring,PAST_OR_NOT,-0.123880879,-0.216530778
she,PAST_OR_NOT,0.029038981,-0.063610918
wish,PAST_OR_NOT,-0.333703022,-0.426352921
on my,PAST_OR_NOT,-0.097674155,-0.190324055
bought,PAST_OR_NOT,0.500743642,0.408093742
job,PAST_OR_NOT,0.10133216,0.008682261
like it,PAST_OR_NOT,-0.119508747,-0.212158646
follow me,PAST_OR_NOT,-0.031115951,-0.123765851
>,PAST_OR_NOT,0.004697631,-0.087952269
am,PAST_OR_NOT,-0.122862681,-0.21551258
finished,PAST_OR_NOT,0.550879859,0.458229959
will,PAST_OR_NOT,-0.241690364,-0.334340263
i,PAST_OR_NOT,0.074067098,-0.018582801
well,PAST_OR_NOT,0.025403452,-0.067246447
is the,PAST_OR_NOT,-0.052405737,-0.145055636
know,PAST_OR_NOT,0.092109953,-0.000539947
like,PAST_OR_NOT,-0.023511535,-0.116161434
lost,PAST_OR_NOT,0.4477312,0.3550813
home,PAST_OR_NOT,-0.05088999,-0.143539889
... it,PAST_OR_NOT,0.220662084,0.128012184
?,PAST_OR_NOT,-0.046027245,-0.138677144
. it,PAST_OR_NOT,-0.076716901,-0.169366801
in one,PAST_OR_NOT,0.055227515,-0.037422385
but,PAST_OR_NOT,-0.044954968,-0.137604868
he,PAST_OR_NOT,0.017124464,-0.075525435
made,PAST_OR_NOT,0.397115115,0.304465215
i want,PAST_OR_NOT,-0.050514664,-0.143164564
i dont,PAST_OR_NOT,0.003374637,-0.089275262
other,PAST_OR_NOT,0.102864906,0.010215007
monday,PAST_OR_NOT,-0.055367474,-0.148017374
friends,PAST_OR_NOT,0.022847558,-0.069802342
goin,PAST_OR_NOT,-0.019786426,-0.112436325
